{
  "Full MDHGNN": {
    "RMSE": {
      "mean": 0.19084870318571726,
      "std": 0.003605034418728392
    },
    "MAE": {
      "mean": 0.1239589552084605,
      "std": 0.004110732103129141
    },
    "MAPE": {
      "mean": 2.7550113995869956,
      "std": 0.10144876757583807
    },
    "R2": {
      "mean": 0.9090940356254578,
      "std": 0.003453558850795802
    }
  },
  "w/o Corr-HE (A1)": {
    "RMSE": {
      "mean": 0.20038755734761557,
      "std": 0.009164401124148262
    },
    "MAE": {
      "mean": 0.13422044118245444,
      "std": 0.010242554275204877
    },
    "MAPE": {
      "mean": 2.9597042401631675,
      "std": 0.21205184263019664
    },
    "R2": {
      "mean": 0.899605949719747,
      "std": 0.009021097659976942
    }
  },
  "w/o Domain-HE (A2)": {
    "RMSE": {
      "mean": 0.20026307304700217,
      "std": 0.009050774665286348
    },
    "MAE": {
      "mean": 0.13408952951431274,
      "std": 0.010116654292725897
    },
    "MAPE": {
      "mean": 2.9572920004526773,
      "std": 0.2105974206748434
    },
    "R2": {
      "mean": 0.8997355500857035,
      "std": 0.008902842179968522
    }
  },
  "w/o Adapt-HE (A3)": {
    "RMSE": {
      "mean": 0.2002654771010081,
      "std": 0.009052770231591435
    },
    "MAE": {
      "mean": 0.13409195840358734,
      "std": 0.010118810188682551
    },
    "MAPE": {
      "mean": 2.9573403199513755,
      "std": 0.2106269662474535
    },
    "R2": {
      "mean": 0.8997330665588379,
      "std": 0.008904903051470903
    }
  },
  "w/o GRU (A5)": {
    "RMSE": {
      "mean": 0.2820556312799454,
      "std": 0.11194759801758973
    },
    "MAE": {
      "mean": 0.19634650150934854,
      "std": 0.09010893368587636
    },
    "MAPE": {
      "mean": 4.245419422785441,
      "std": 1.9082514265320076
    },
    "R2": {
      "mean": 0.7702474395434061,
      "std": 0.17948428723507973
    }
  }
}