{
  "GRU": {
    "DM_stat": -1.0283098220825195,
    "p_value": 0.3043468677389278,
    "n_errors": 459,
    "direction": "MDHGNN better"
  },
  "MLP": {
    "DM_stat": -1.6914924383163452,
    "p_value": 0.09142303574477838,
    "n_errors": 459,
    "direction": "MDHGNN better"
  },
  "Transformer": {
    "DM_stat": -4.314340114593506,
    "p_value": 1.9624426030251744e-05,
    "n_errors": 459,
    "direction": "MDHGNN better"
  },
  "Naive": {
    "DM_stat": 1.6004834175109863,
    "p_value": 0.11018090031452564,
    "n_errors": 459,
    "direction": "Naive better"
  }
}