{
  "GRU": {
    "DM_stat": 1.5568740367889404,
    "p_value": 0.11984770564013109,
    "n_errors": 912,
    "direction": "GRU better"
  },
  "MLP": {
    "DM_stat": 2.1253931522369385,
    "p_value": 0.033822353565866506,
    "n_errors": 912,
    "direction": "MLP better"
  },
  "Transformer": {
    "DM_stat": 4.0607099533081055,
    "p_value": 5.3131818169601564e-05,
    "n_errors": 912,
    "direction": "Transformer better"
  },
  "Naive": {
    "DM_stat": 4.276789665222168,
    "p_value": 2.0962239259440524e-05,
    "n_errors": 912,
    "direction": "Naive better"
  }
}