{
  "MDHGNN": {
    "RMSE": 0.190848708152771,
    "MAE": 0.12395895272493362,
    "MAPE": 2.7550113201141357,
    "R2": 0.9090940356254578,
    "Ret_RMSE": 385.197265625,
    "Ret_R2": -0.03809762001037598,
    "DA": 48.36601307189542,
    "DA_up": 48.14814814814815,
    "DA_down": 48.611111111111114,
    "Sharpe": -0.14765501766309733,
    "AnnReturn": -4.026205062866211,
    "MaxDrawdown": 44.71836471557617,
    "std": {
      "RMSE": 0.0036050344351679087,
      "MAE": 0.004110732115805149,
      "MAPE": 0.10144876688718796,
      "R2": 0.003453558776527643,
      "Ret_RMSE": 6.35357141494751,
      "Ret_R2": 0.03440698981285095,
      "DA": 2.326160839222513,
      "DA_up": 37.45986353160584,
      "DA_down": 38.60678099886923,
      "Sharpe": 0.34746239834169923,
      "AnnReturn": 9.480000495910645,
      "MaxDrawdown": 16.36656379699707
    }
  },
  "GRU": {
    "RMSE": 0.1944914609193802,
    "MAE": 0.13151980936527252,
    "MAPE": 2.9101288318634033,
    "R2": 0.9055987000465393,
    "Ret_RMSE": 395.0499572753906,
    "Ret_R2": -0.09180744737386703,
    "DA": 50.326797385620914,
    "DA_up": 64.60905349794238,
    "DA_down": 34.25925925925926,
    "Sharpe": 0.4352437138344483,
    "AnnReturn": 11.771503448486328,
    "MaxDrawdown": 35.72078323364258,
    "std": {
      "RMSE": 0.003199381288141012,
      "MAE": 0.004036775324493647,
      "MAPE": 0.08086719363927841,
      "R2": 0.0031222521793097258,
      "Ret_RMSE": 5.631204605102539,
      "Ret_R2": 0.031058384105563164,
      "DA": 0.9243225897863367,
      "DA_up": 19.05487556014852,
      "DA_down": 22.115872060178127,
      "Sharpe": 0.5385125016915326,
      "AnnReturn": 14.57003402709961,
      "MaxDrawdown": 14.506771087646484
    }
  },
  "MLP": {
    "RMSE": 0.1953280121088028,
    "MAE": 0.1302766054868698,
    "MAPE": 2.871628522872925,
    "R2": 0.9047881960868835,
    "Ret_RMSE": 398.924072265625,
    "Ret_R2": -0.11384061723947525,
    "DA": 46.62309368191722,
    "DA_up": 32.92181069958848,
    "DA_down": 62.03703703703704,
    "Sharpe": -0.1276726957879531,
    "AnnReturn": -3.4569320678710938,
    "MaxDrawdown": 57.34461975097656,
    "std": {
      "RMSE": 0.003000006079673767,
      "MAE": 0.0027221734635531902,
      "MAPE": 0.06335778534412384,
      "R2": 0.002922386396676302,
      "Ret_RMSE": 10.290657997131348,
      "Ret_R2": 0.057472120970487595,
      "DA": 1.7154701250570366,
      "DA_up": 17.64275811541236,
      "DA_down": 16.524600275532176,
      "Sharpe": 0.4579241513122129,
      "AnnReturn": 12.460555076599121,
      "MaxDrawdown": 17.968385696411133
    }
  },
  "Transformer": {
    "RMSE": 0.1997385174036026,
    "MAE": 0.13123789429664612,
    "MAPE": 2.920476198196411,
    "R2": 0.8998618125915527,
    "Ret_RMSE": 404.7177734375,
    "Ret_R2": -0.1531209945678711,
    "DA": 52.72331154684096,
    "DA_up": 62.96296296296296,
    "DA_down": 41.2037037037037,
    "Sharpe": 0.16988641000512497,
    "AnnReturn": 4.620978355407715,
    "MaxDrawdown": 33.756996154785156,
    "std": {
      "RMSE": 0.015528307296335697,
      "MAE": 0.015038412995636463,
      "MAPE": 0.35104262828826904,
      "R2": 0.015901943668723106,
      "Ret_RMSE": 32.64572525024414,
      "Ret_R2": 0.19009651243686676,
      "DA": 1.630351802515881,
      "DA_up": 19.441994750646444,
      "DA_down": 18.885257457751056,
      "Sharpe": 0.34778273146731975,
      "AnnReturn": 9.473199844360352,
      "MaxDrawdown": 7.469545841217041
    }
  },
  "Naive": {
    "RMSE": 0.18757854402065277,
    "MAE": 0.11999345570802689,
    "MAPE": 2.6624953746795654,
    "R2": 0.9122139811515808,
    "Ret_RMSE": 378.9204406738281,
    "Ret_R2": -0.0042684078216552734,
    "DA": 47.05882352941176,
    "DA_up": 0.0,
    "DA_down": 100.0,
    "Sharpe": 0.0,
    "AnnReturn": 0.0,
    "MaxDrawdown": 0.0,
    "std": {
      "RMSE": 0.0,
      "MAE": 0.0,
      "MAPE": 0.0,
      "R2": 0.0,
      "Ret_RMSE": 0.0,
      "Ret_R2": 0.0,
      "DA": 0.0,
      "DA_up": 0.0,
      "DA_down": 0.0,
      "Sharpe": 0.0,
      "AnnReturn": 0.0,
      "MaxDrawdown": 0.0
    }
  }
}