{
  "MDHGNN": {
    "RMSE": 0.2780752182006836,
    "MAE": 0.19523978233337402,
    "MAPE": 4.355987071990967,
    "R2": 0.8062477111816406,
    "Ret_RMSE": 491.6831970214844,
    "Ret_R2": -0.2021375149488449,
    "DA": 55.043859649122815,
    "DA_up": 71.45708582834331,
    "DA_down": 35.294117647058826,
    "Sharpe": 0.721513987679368,
    "AnnReturn": 23.347702026367188,
    "MaxDrawdown": 90.69812774658203,
    "std": {
      "RMSE": 0.02405589073896408,
      "MAE": 0.023109205067157745,
      "MAPE": 0.5123946666717529,
      "R2": 0.034169819205999374,
      "Ret_RMSE": 30.24917221069336,
      "Ret_R2": 0.14871394634246826,
      "DA": 1.3518451760896828,
      "DA_up": 12.611232733677694,
      "DA_down": 13.84749695277013,
      "Sharpe": 0.14450853846882766,
      "AnnReturn": 4.63075590133667,
      "MaxDrawdown": 16.57003402709961
    }
  },
  "GRU": {
    "RMSE": 0.26429110765457153,
    "MAE": 0.1867557317018509,
    "MAPE": 4.15469217300415,
    "R2": 0.8254952430725098,
    "Ret_RMSE": 477.0777282714844,
    "Ret_R2": -0.13030950725078583,
    "DA": 52.083333333333336,
    "DA_up": 52.09580838323353,
    "DA_down": 52.45098039215687,
    "Sharpe": 0.2950623073027065,
    "AnnReturn": 9.576094627380371,
    "MaxDrawdown": 85.7825927734375,
    "std": {
      "RMSE": 0.017764342948794365,
      "MAE": 0.018912095576524734,
      "MAPE": 0.4181421101093292,
      "R2": 0.023902922868728638,
      "Ret_RMSE": 23.765155792236328,
      "Ret_R2": 0.11400303989648819,
      "DA": 1.3782681019711112,
      "DA_up": 2.5405034054606492,
      "DA_down": 0.91707288891518,
      "Sharpe": 0.2308714022080444,
      "AnnReturn": 7.478123664855957,
      "MaxDrawdown": 30.274263381958008
    }
  },
  "MLP": {
    "RMSE": 0.259248286485672,
    "MAE": 0.1792953610420227,
    "MAPE": 3.991150140762329,
    "R2": 0.8328366875648499,
    "Ret_RMSE": 473.7451171875,
    "Ret_R2": -0.11198627948760986,
    "DA": 53.28947368421053,
    "DA_up": 72.25548902195608,
    "DA_down": 30.392156862745097,
    "Sharpe": 0.6257929593142523,
    "AnnReturn": 20.22821617126465,
    "MaxDrawdown": 76.37580108642578,
    "std": {
      "RMSE": 0.0019569699652493,
      "MAE": 0.0008535599336028099,
      "MAPE": 0.006041245069354773,
      "R2": 0.0025302511639893055,
      "Ret_RMSE": 5.892602443695068,
      "Ret_R2": 0.027617737650871277,
      "DA": 2.5621318959534922,
      "DA_up": 16.488524094262186,
      "DA_down": 14.904701760304679,
      "Sharpe": 0.32151601614012315,
      "AnnReturn": 10.333198547363281,
      "MaxDrawdown": 26.050994873046875
    }
  },
  "Transformer": {
    "RMSE": 0.2592878043651581,
    "MAE": 0.1757209300994873,
    "MAPE": 3.9309463500976562,
    "R2": 0.8326084613800049,
    "Ret_RMSE": 462.2033996582031,
    "Ret_R2": -0.05919237807393074,
    "DA": 55.92105263157894,
    "DA_up": 89.02195608782434,
    "DA_down": 15.686274509803921,
    "Sharpe": 0.6975756984164273,
    "AnnReturn": 22.589258193969727,
    "MaxDrawdown": 80.55169677734375,
    "std": {
      "RMSE": 0.008667857386171818,
      "MAE": 0.009366897866129875,
      "MAPE": 0.23860186338424683,
      "R2": 0.011212441138923168,
      "Ret_RMSE": 13.417069435119629,
      "Ret_R2": 0.06186586990952492,
      "DA": 1.6337351344025604,
      "DA_up": 13.866151243878967,
      "DA_down": 20.64359969533879,
      "Sharpe": 0.08311031339687228,
      "AnnReturn": 2.6648762226104736,
      "MaxDrawdown": 19.12291717529297
    }
  },
  "Naive": {
    "RMSE": 0.2511943578720093,
    "MAE": 0.1698388010263443,
    "MAPE": 3.757215738296509,
    "R2": 0.8430706858634949,
    "Ret_RMSE": 451.2506103515625,
    "Ret_R2": -0.008737921714782715,
    "DA": 45.06578947368421,
    "DA_up": 0.0,
    "DA_down": 100.0,
    "Sharpe": 0.0,
    "AnnReturn": 0.0,
    "MaxDrawdown": 0.0,
    "std": {
      "RMSE": 0.0,
      "MAE": 0.0,
      "MAPE": 0.0,
      "R2": 5.960464477539063e-08,
      "Ret_RMSE": 0.0,
      "Ret_R2": 0.0,
      "DA": 0.0,
      "DA_up": 0.0,
      "DA_down": 0.0,
      "Sharpe": 0.0,
      "AnnReturn": 0.0,
      "MaxDrawdown": 0.0
    }
  }
}