{
  "42": {
    "Full MDHGNN": {
      "RMSE": 0.19588392972946167,
      "MAE": 0.12964515388011932,
      "MAPE": 2.8963513374328613,
      "R2": 0.9042680859565735
    },
    "w/o Corr-HE (A1)": {
      "RMSE": 0.2058088332414627,
      "MAE": 0.13939715921878815,
      "MAPE": 3.1201329231262207,
      "R2": 0.8943213820457458
    },
    "w/o Domain-HE (A2)": {
      "RMSE": 0.20589639246463776,
      "MAE": 0.13948878645896912,
      "MAPE": 3.122339963912964,
      "R2": 0.8942314386367798
    },
    "w/o Adapt-HE (A3)": {
      "RMSE": 0.2058955878019333,
      "MAE": 0.13948814570903778,
      "MAPE": 3.1223247051239014,
      "R2": 0.8942322731018066
    },
    "w/o GRU (A5)": {
      "RMSE": 0.1967116892337799,
      "MAE": 0.12629884481430054,
      "MAPE": 2.7759644985198975,
      "R2": 0.9034573435783386
    }
  },
  "123": {
    "Full MDHGNN": {
      "RMSE": 0.1876387894153595,
      "MAE": 0.12006822228431702,
      "MAPE": 2.6630096435546875,
      "R2": 0.9121575951576233
    },
    "w/o Corr-HE (A1)": {
      "RMSE": 0.18748198449611664,
      "MAE": 0.11991602182388306,
      "MAPE": 2.6600680351257324,
      "R2": 0.9123043417930603
    },
    "w/o Domain-HE (A2)": {
      "RMSE": 0.18749281764030457,
      "MAE": 0.11991575360298157,
      "MAPE": 2.660067558288574,
      "R2": 0.9122942090034485
    },
    "w/o Adapt-HE (A3)": {
      "RMSE": 0.1874927431344986,
      "MAE": 0.11991578340530396,
      "MAPE": 2.660067558288574,
      "R2": 0.9122942686080933
    },
    "w/o GRU (A5)": {
      "RMSE": 0.20924727618694305,
      "MAE": 0.13917800784111023,
      "MAPE": 3.019876003265381,
      "R2": 0.8907607793807983
    }
  },
  "456": {
    "Full MDHGNN": {
      "RMSE": 0.18902339041233063,
      "MAE": 0.12216348946094513,
      "MAPE": 2.7056732177734375,
      "R2": 0.9108564257621765
    },
    "w/o Corr-HE (A1)": {
      "RMSE": 0.20787185430526733,
      "MAE": 0.14334814250469208,
      "MAPE": 3.098911762237549,
      "R2": 0.8921921253204346
    },
    "w/o Domain-HE (A2)": {
      "RMSE": 0.20740000903606415,
      "MAE": 0.14286404848098755,
      "MAPE": 3.089468479156494,
      "R2": 0.8926810026168823
    },
    "w/o Adapt-HE (A3)": {
      "RMSE": 0.2074081003665924,
      "MAE": 0.1428719460964203,
      "MAPE": 3.0896286964416504,
      "R2": 0.8926726579666138
    },
    "w/o GRU (A5)": {
      "RMSE": 0.44020792841911316,
      "MAE": 0.3235626518726349,
      "MAPE": 6.940417766571045,
      "R2": 0.5165241956710815
    }
  }
}