{
  "MDHGNN": {
    "j1": {
      "RMSE": {
        "mean": 0.19349421560764313,
        "std": 0.006511753890663385
      },
      "MAE": {
        "mean": 0.12779130041599274,
        "std": 0.005707620643079281
      },
      "MAPE": {
        "mean": 2.8583316802978516,
        "std": 0.13208241760730743
      },
      "R2": {
        "mean": 0.9058197140693665,
        "std": 0.00639458978548646
      },
      "Ret_RMSE": {
        "mean": 394.1614685058594,
        "std": 11.660901069641113
      },
      "Ret_R2": {
        "mean": -0.10371053218841553,
        "std": 0.0651911273598671
      },
      "DA": {
        "mean": 52.41228070175439,
        "std": 3.1475219505279233
      }
    },
    "j2": {
      "RMSE": {
        "mean": 0.2780752182006836,
        "std": 0.02405589073896408
      },
      "MAE": {
        "mean": 0.19523978233337402,
        "std": 0.023109205067157745
      },
      "MAPE": {
        "mean": 4.355987071990967,
        "std": 0.5123946666717529
      },
      "R2": {
        "mean": 0.8062477111816406,
        "std": 0.034169819205999374
      },
      "Ret_RMSE": {
        "mean": 572.6280517578125,
        "std": 43.961158752441406
      },
      "Ret_R2": {
        "mean": -0.25647544860839844,
        "std": 0.19439995288848877
      },
      "DA": {
        "mean": 57.67543859649123,
        "std": 1.7267561127218827
      }
    }
  },
  "GRU": {
    "j1": {
      "RMSE": {
        "mean": 0.19558857381343842,
        "std": 0.005682879127562046
      },
      "MAE": {
        "mean": 0.1297869086265564,
        "std": 0.006509582977741957
      },
      "MAPE": {
        "mean": 2.8630573749542236,
        "std": 0.13589945435523987
      },
      "R2": {
        "mean": 0.9037976264953613,
        "std": 0.005620006006211042
      },
      "Ret_RMSE": {
        "mean": 401.0998840332031,
        "std": 15.15002727508545
      },
      "Ret_R2": {
        "mean": -0.14353947341442108,
        "std": 0.08699732273817062
      },
      "DA": {
        "mean": 47.58771929824561,
        "std": 1.8864748392637325
      }
    },
    "j2": {
      "RMSE": {
        "mean": 0.26429110765457153,
        "std": 0.017764342948794365
      },
      "MAE": {
        "mean": 0.1867557317018509,
        "std": 0.018912095576524734
      },
      "MAPE": {
        "mean": 4.15469217300415,
        "std": 0.4181421101093292
      },
      "R2": {
        "mean": 0.8254952430725098,
        "std": 0.023902922868728638
      },
      "Ret_RMSE": {
        "mean": 542.4807739257812,
        "std": 30.656475067138672
      },
      "Ret_R2": {
        "mean": -0.12463100999593735,
        "std": 0.12898436188697815
      },
      "DA": {
        "mean": 56.57894736842106,
        "std": 0.9304036594559832
      }
    }
  },
  "MLP": {
    "j1": {
      "RMSE": {
        "mean": 0.1981460601091385,
        "std": 0.006790447048842907
      },
      "MAE": {
        "mean": 0.1321346014738083,
        "std": 0.0059602693654596806
      },
      "MAPE": {
        "mean": 2.9434683322906494,
        "std": 0.14213137328624725
      },
      "R2": {
        "mean": 0.9012327790260315,
        "std": 0.00684342859312892
      },
      "Ret_RMSE": {
        "mean": 403.4973449707031,
        "std": 14.645092964172363
      },
      "Ret_R2": {
        "mean": -0.15712428092956543,
        "std": 0.08486148715019226
      },
      "DA": {
        "mean": 53.508771929824555,
        "std": 2.236412067365254
      }
    },
    "j2": {
      "RMSE": {
        "mean": 0.259248286485672,
        "std": 0.0019569699652493
      },
      "MAE": {
        "mean": 0.1792953610420227,
        "std": 0.0008535599336028099
      },
      "MAPE": {
        "mean": 3.991150140762329,
        "std": 0.006041245069354773
      },
      "R2": {
        "mean": 0.8328366875648499,
        "std": 0.0025302511639893055
      },
      "Ret_RMSE": {
        "mean": 534.6827392578125,
        "std": 5.295006275177002
      },
      "Ret_R2": {
        "mean": -0.08915984630584717,
        "std": 0.02164546586573124
      },
      "DA": {
        "mean": 53.07017543859649,
        "std": 3.1475219505279233
      }
    }
  },
  "Transformer": {
    "j1": {
      "RMSE": {
        "mean": 0.19111360609531403,
        "std": 0.003920993767678738
      },
      "MAE": {
        "mean": 0.12385839223861694,
        "std": 0.004793078638613224
      },
      "MAPE": {
        "mean": 2.776113748550415,
        "std": 0.1150541827082634
      },
      "R2": {
        "mean": 0.9081882834434509,
        "std": 0.0037910582032054663
      },
      "Ret_RMSE": {
        "mean": 386.8738098144531,
        "std": 8.494945526123047
      },
      "Ret_R2": {
        "mean": -0.06285718828439713,
        "std": 0.046991053968667984
      },
      "DA": {
        "mean": 53.728070175438596,
        "std": 1.1182060336826316
      }
    },
    "j2": {
      "RMSE": {
        "mean": 0.2592878043651581,
        "std": 0.008667857386171818
      },
      "MAE": {
        "mean": 0.1757209300994873,
        "std": 0.009366897866129875
      },
      "MAPE": {
        "mean": 3.9309463500976562,
        "std": 0.23860186338424683
      },
      "R2": {
        "mean": 0.8326084613800049,
        "std": 0.011212441138923168
      },
      "Ret_RMSE": {
        "mean": 526.8562622070312,
        "std": 17.405752182006836
      },
      "Ret_R2": {
        "mean": -0.05855802819132805,
        "std": 0.07030855119228363
      },
      "DA": {
        "mean": 58.114035087719294,
        "std": 2.170941872063963
      }
    }
  },
  "Naive": {
    "j1": {
      "RMSE": {
        "mean": 0.18575997650623322,
        "std": 1.4901161193847656e-08
      },
      "MAE": {
        "mean": 0.11833552271127701,
        "std": 0.0
      },
      "MAPE": {
        "mean": 2.634202241897583,
        "std": 0.0
      },
      "R2": {
        "mean": 0.9132965207099915,
        "std": 0.0
      },
      "Ret_RMSE": {
        "mean": 376.480224609375,
        "std": 0.0
      },
      "Ret_R2": {
        "mean": -0.006030678749084473,
        "std": 0.0
      },
      "DA": {
        "mean": 46.71052631578947,
        "std": 0.0
      }
    },
    "j2": {
      "RMSE": {
        "mean": 0.2511943578720093,
        "std": 0.0
      },
      "MAE": {
        "mean": 0.1698388010263443,
        "std": 0.0
      },
      "MAPE": {
        "mean": 3.757215738296509,
        "std": 0.0
      },
      "R2": {
        "mean": 0.8430706858634949,
        "std": 5.960464477539063e-08
      },
      "Ret_RMSE": {
        "mean": 515.2832641601562,
        "std": 0.0
      },
      "Ret_R2": {
        "mean": -0.011459946632385254,
        "std": 0.0
      },
      "DA": {
        "mean": 43.42105263157895,
        "std": 0.0
      }
    }
  }
}